sensor1, sensor2, sensor3, sensor4, sensor5, sensor6, sensor7, sensor8, junosYHeight, obstacleXDistance, timeInmsec
738, 783, 798, 807, 801, 791, 789, 789, 483, 1265, 118
738, 783, 788, 785, 777, 772, 774, 775, 483, 1240, 259
738, 783, 788, 785, 777, 772, 774, 775, 483, 1215, 379
738, 782, 788, 785, 777, 772, 774, 775, 483, 1190, 499
738, 783, 788, 785, 777, 772, 774, 775, 483, 1170, 600
738, 783, 788, 785, 777, 772, 774, 775, 483, 1140, 740
738, 783, 788, 785, 777, 772, 774, 775, 483, 1120, 858
738, 783, 788, 785, 776, 772, 774, 775, 483, 1090, 977
738, 782, 788, 785, 776, 772, 774, 775, 483, 1060, 1098
738, 782, 788, 785, 776, 772, 774, 775, 483, 1030, 1217
738, 782, 788, 785, 776, 772, 774, 775, 483, 1005, 1339
738, 782, 788, 785, 776, 772, 774, 775, 483, 975, 1458
738, 782, 788, 785, 777, 772, 774, 775, 483, 945, 1577
738, 782, 788, 785, 777, 772, 774, 775, 483, 915, 1704
738, 782, 788, 785, 777, 772, 774, 775, 483, 890, 1816
738, 782, 788, 786, 777, 772, 774, 775, 483, 860, 1939
738, 782, 788, 786, 777, 772, 775, 775, 483, 830, 2064
738, 782, 788, 786, 777, 772, 775, 775, 483, 805, 2180
738, 782, 788, 786, 777, 772, 775, 775, 483, 780, 2300
739, 784, 789, 786, 777, 773, 775, 775, 483, 755, 2416
741, 797, 794, 790, 779, 773, 775, 776, 483, 725, 2538
741, 810, 806, 798, 782, 773, 776, 777, 483, 700, 2658
741, 814, 816, 806, 783, 773, 776, 777, 458, 675, 2778
741, 812, 821, 810, 783, 773, 776, 777, 392, 645, 2898
741, 810, 823, 811, 783, 773, 776, 777, 310, 615, 3018
740, 809, 823, 810, 783, 773, 776, 777, 226, 585, 3138
740, 806, 822, 809, 782, 773, 776, 777, 144, 555, 3259
740, 805, 821, 808, 782, 773, 776, 777, 131, 530, 3376
740, 804, 820, 808, 781, 773, 776, 777, 131, 500, 3498
740, 802, 819, 806, 781, 773, 775, 777, 131, 470, 3617
740, 802, 817, 804, 781, 773, 775, 777, 131, 440, 3737
740, 802, 817, 804, 781, 773, 775, 777, 131, 410, 3860
739, 801, 817, 803, 780, 772, 775, 777, 131, 380, 3980
739, 801, 815, 802, 780, 773, 775, 777, 131, 355, 4097
739, 800, 814, 802, 780, 773, 775, 777, 131, 325, 4218
739, 800, 814, 801, 780, 772, 775, 777, 131, 295, 4337
739, 800, 813, 801, 780, 772, 775, 777, 131, 265, 4460
739, 800, 813, 800, 779, 772, 775, 777, 181, 235, 4580
739, 800, 812, 800, 779, 772, 775, 777, 223, 205, 4699
739, 800, 812, 800, 779, 772, 775, 777, 258, 180, 4816
739, 799, 811, 799, 779, 772, 775, 777, 305, 150, 4938
739, 799, 811, 799, 779, 772, 775, 777, 355, 120, 5059
739, 799, 810, 799, 779, 773, 775, 777, 400, 95, 5180
739, 798, 810, 799, 779, 773, 775, 777, 454, 65, 5300
739, 797, 808, 798, 779, 772, 775, 776, 483, 35, 5417
739, 797, 807, 797, 779, 772, 775, 776, 483, 5, 5537
738, 794, 805, 796, 778, 772, 775, 776, 483, -25, 5658
737, 790, 801, 793, 777, 772, 775, 776, 483, -55, 5778
737, 786, 796, 790, 776, 772, 774, 775, 483, -85, 5902
737, 785, 793, 788, 776, 772, 774, 775, 483, -110, 6018
738, 784, 791, 787, 776, 772, 774, 775, 483, -140, 6138
738, 784, 790, 786, 776, 772, 774, 775, 483, -170, 6256
738, 784, 789, 786, 776, 772, 774, 775, 483, -200, 6380
738, 784, 788, 785, 776, 772, 774, 775, 483, 1525, 6500
738, 784, 788, 785, 776, 772, 774, 775, 483, 1495, 6618
738, 783, 787, 785, 776, 772, 774, 775, 483, 1465, 6738
738, 783, 787, 785, 776, 772, 774, 775, 483, 1435, 6856
738, 783, 787, 784, 776, 772, 774, 775, 483, 1405, 6978
738, 782, 786, 784, 776, 772, 774, 775, 483, 1375, 7098
738, 782, 786, 784, 776, 772, 774, 775, 483, 1345, 7220
738, 782, 786, 784, 776, 772, 774, 775, 483, 1315, 7338
738, 782, 786, 784, 776, 772, 775, 775, 483, 1285, 7459
738, 782, 786, 784, 776, 772, 775, 775, 483, 1260, 7577
738, 781, 786, 784, 777, 773, 775, 775, 483, 1230, 7697
738, 781, 786, 784, 777, 773, 775, 776, 483, 1200, 7820
738, 781, 786, 784, 777, 773, 775, 776, 483, 1175, 7938
738, 781, 785, 784, 777, 773, 775, 776, 483, 1145, 8059
738, 781, 785, 784, 777, 773, 775, 776, 483, 1115, 8178
738, 782, 785, 784, 777, 773, 775, 776, 483, 1085, 8298
738, 782, 785, 784, 777, 773, 775, 775, 483, 1055, 8422
738, 782, 785, 784, 777, 773, 775, 775, 483, 1025, 8540
738, 782, 785, 784, 777, 773, 775, 775, 483, 995, 8658
738, 782, 785, 784, 777, 772, 775, 775, 483, 965, 8779
738, 782, 785, 784, 777, 772, 775, 775, 483, 935, 8897
738, 782, 785, 784, 777, 772, 775, 775, 483, 905, 9019
738, 782, 785, 784, 776, 772, 775, 775, 483, 875, 9139
738, 782, 785, 783, 776, 772, 774, 775, 483, 850, 9258
738, 782, 785, 783, 776, 772, 774, 775, 483, 820, 9378
738, 782, 785, 784, 776, 772, 774, 775, 483, 790, 9497
738, 782, 785, 784, 776, 772, 774, 775, 483, 760, 9617
738, 782, 785, 784, 776, 772, 774, 775, 483, 730, 9738
739, 785, 786, 784, 776, 772, 774, 775, 483, 700, 9857
741, 801, 794, 788, 779, 772, 775, 776, 483, 675, 9978
741, 812, 808, 798, 781, 772, 776, 777, 483, 645, 10097
741, 811, 816, 804, 782, 772, 776, 777, 434, 615, 10218
740, 809, 819, 806, 782, 772, 776, 777, 367, 585, 10339
740, 808, 820, 807, 781, 772, 776, 777, 295, 555, 10458
740, 806, 820, 807, 781, 772, 775, 777, 235, 530, 10579
740, 804, 819, 806, 781, 772, 775, 777, 165, 500, 10698
739, 802, 817, 804, 780, 772, 775, 777, 143, 470, 10818
739, 801, 815, 802, 780, 772, 775, 776, 143, 440, 10939
739, 801, 815, 802, 780, 772, 775, 776, 143, 410, 11057
739, 801, 814, 801, 780, 772, 775, 776, 143, 385, 11178
739, 800, 813, 801, 779, 772, 775, 776, 143, 355, 11298
739, 801, 813, 801, 780, 772, 775, 776, 148, 325, 11418
739, 800, 813, 801, 779, 772, 775, 776, 169, 295, 11539
739, 800, 811, 799, 779, 772, 775, 776, 208, 270, 11658
739, 799, 810, 799, 779, 772, 775, 776, 260, 240, 11780
739, 799, 810, 799, 779, 772, 775, 776, 314, 210, 11898
739, 799, 810, 798, 779, 772, 775, 776, 368, 180, 12018
739, 799, 810, 798, 779, 772, 775, 776, 413, 155, 12138
739, 798, 809, 798, 779, 772, 775, 776, 469, 125, 12258
739, 796, 808, 797, 779, 772, 775, 776, 483, 95, 12377
737, 793, 804, 795, 778, 772, 774, 776, 483, 65, 12497
737, 790, 799, 791, 777, 772, 774, 776, 483, 40, 12618
737, 788, 795, 789, 776, 772, 774, 775, 483, 10, 12741
737, 787, 792, 787, 776, 772, 774, 775, 483, -20, 12857
738, 786, 791, 787, 776, 772, 774, 775, 483, -50, 12978
738, 785, 790, 786, 776, 772, 774, 775, 483, -80, 13097
738, 784, 789, 786, 776, 772, 774, 775, 483, -110, 13218
738, 784, 788, 785, 776, 772, 774, 775, 483, -135, 13337
738, 783, 788, 785, 776, 772, 774, 775, 483, -165, 13458
738, 783, 787, 785, 776, 772, 774, 775, 483, -195, 13576
738, 783, 787, 785, 776, 772, 774, 775, 483, 1525, 13696
738, 782, 787, 785, 776, 772, 775, 775, 483, 1495, 13816
738, 782, 787, 785, 776, 772, 775, 775, 483, 1460, 13944
738, 782, 787, 785, 777, 773, 775, 775, 483, 1430, 14059
738, 782, 787, 785, 777, 773, 775, 775, 483, 1405, 14178
738, 782, 787, 785, 777, 773, 775, 775, 483, 1375, 14298
738, 782, 786, 785, 777, 773, 775, 775, 483, 1345, 14420
738, 782, 786, 785, 777, 773, 775, 776, 483, 1315, 14540
738, 782, 786, 785, 777, 773, 775, 776, 483, 1285, 14658
738, 782, 786, 785, 777, 773, 775, 776, 483, 1260, 14776
738, 782, 786, 785, 777, 773, 775, 776, 483, 1230, 14897
738, 782, 786, 785, 777, 773, 775, 776, 483, 1200, 15017
738, 782, 786, 785, 777, 772, 775, 775, 483, 1170, 15140
738, 782, 786, 785, 777, 772, 775, 775, 483, 1140, 15259
738, 782, 786, 784, 777, 772, 775, 775, 483, 1110, 15379
738, 782, 786, 784, 777, 772, 775, 775, 483, 1080, 15497
738, 782, 786, 784, 777, 772, 775, 775, 483, 1050, 15618
738, 782, 786, 784, 777, 772, 775, 775, 483, 1020, 15740
738, 783, 786, 784, 777, 772, 774, 775, 483, 995, 15859
738, 783, 785, 784, 776, 772, 774, 775, 483, 965, 15977
738, 783, 785, 784, 776, 772, 774, 775, 483, 935, 16098
738, 783, 785, 784, 776, 772, 774, 775, 483, 905, 16217
738, 783, 785, 783, 776, 772, 774, 775, 483, 875, 16337
738, 783, 785, 783, 776, 772, 774, 775, 483, 845, 16460
738, 783, 785, 783, 776, 772, 774, 775, 483, 815, 16579
738, 783, 785, 784, 776, 772, 774, 775, 483, 785, 16699
738, 783, 785, 784, 776, 772, 774, 775, 483, 760, 16816
739, 788, 787, 784, 777, 772, 774, 775, 483, 730, 16938
741, 800, 795, 789, 779, 772, 776, 776, 483, 700, 17059
741, 808, 805, 795, 781, 772, 776, 777, 483, 670, 17180
741, 809, 812, 801, 782, 772, 776, 777, 483, 640, 17298
741, 808, 815, 803, 782, 773, 776, 777, 440, 615, 17417
741, 807, 816, 803, 782, 773, 776, 777, 386, 585, 17537
740, 807, 817, 805, 782, 773, 776, 778, 327, 555, 17656
740, 806, 817, 805, 782, 773, 776, 777, 264, 525, 17779
740, 805, 817, 805, 781, 773, 776, 777, 202, 495, 17898
740, 804, 817, 804, 781, 773, 776, 777, 138, 465, 18017
740, 803, 817, 804, 781, 773, 776, 777, 138, 435, 18138
740, 802, 816, 803, 781, 773, 776, 777, 138, 405, 18258
740, 801, 814, 802, 780, 773, 776, 777, 138, 375, 18380
739, 801, 814, 801, 780, 773, 776, 777, 138, 345, 18497
739, 801, 813, 801, 780, 773, 776, 777, 138, 320, 18618
739, 800, 812, 800, 780, 773, 776, 777, 181, 290, 18737
739, 800, 811, 799, 780, 773, 776, 777, 228, 260, 18857
739, 799, 811, 799, 780, 773, 776, 777, 278, 230, 18979
739, 799, 810, 798, 780, 773, 776, 777, 332, 200, 19100
739, 799, 809, 798, 780, 773, 776, 777, 386, 170, 19218
739, 797, 809, 798, 780, 773, 775, 777, 433, 145, 19338
738, 794, 806, 796, 779, 773, 775, 777, 483, 115, 19457
737, 790, 802, 793, 778, 773, 775, 776, 483, 85, 19577
737, 788, 797, 790, 777, 772, 775, 776, 483, 55, 19700
737, 786, 794, 788, 776, 772, 775, 776, 483, 25, 19819
738, 785, 791, 787, 776, 772, 774, 775, 483, -5, 19939
738, 784, 790, 786, 776, 772, 774, 775, 483, -35, 20057
738, 784, 789, 786, 776, 772, 774, 775, 483, -60, 20176
738, 784, 788, 785, 776, 772, 774, 775, 483, -90, 20297
738, 784, 788, 785, 776, 772, 774, 775, 483, -120, 20418
738, 784, 788, 785, 776, 772, 774, 775, 483, -150, 20537
738, 784, 788, 785, 776, 772, 774, 775, 483, -185, 20662
738, 784, 787, 785, 776, 772, 774, 775, 483, -210, 20779
738, 783, 787, 785, 776, 772, 774, 775, 483, 1510, 20896
738, 783, 787, 785, 776, 772, 774, 775, 483, 1480, 21018
738, 783, 787, 785, 776, 772, 774, 775, 483, 1450, 21138
738, 783, 787, 785, 776, 772, 774, 775, 483, 1420, 21257
738, 782, 787, 785, 777, 772, 775, 775, 483, 1390, 21379
738, 782, 786, 784, 777, 772, 775, 775, 483, 1360, 21497
738, 782, 786, 784, 777, 772, 775, 775, 483, 1335, 21618
738, 782, 786, 785, 777, 773, 775, 775, 483, 1305, 21739
738, 782, 786, 785, 777, 773, 775, 775, 483, 1275, 21857
738, 782, 786, 785, 777, 773, 775, 775, 483, 1245, 21978
738, 782, 786, 785, 777, 773, 775, 775, 483, 1215, 22097
738, 782, 786, 785, 777, 773, 775, 775, 483, 1185, 22220
738, 782, 786, 785, 777, 773, 775, 775, 483, 1155, 22337
738, 782, 786, 785, 777, 773, 775, 775, 483, 1130, 22458
738, 782, 786, 785, 777, 773, 775, 775, 483, 1100, 22577
738, 782, 786, 785, 777, 773, 775, 775, 483, 1070, 22698
738, 782, 786, 784, 777, 772, 775, 775, 483, 1040, 22818
738, 782, 786, 784, 777, 772, 775, 775, 483, 1010, 22937
738, 782, 786, 784, 777, 772, 775, 775, 483, 980, 23060
738, 782, 786, 784, 777, 772, 775, 775, 483, 950, 23178
738, 782, 786, 784, 777, 772, 774, 775, 483, 920, 23297
738, 782, 786, 784, 777, 772, 774, 775, 483, 895, 23417
738, 782, 785, 784, 777, 772, 774, 775, 483, 865, 23537
738, 782, 785, 784, 777, 772, 774, 775, 483, 835, 23657
738, 782, 785, 784, 776, 772, 774, 775, 483, 805, 23780
738, 782, 785, 784, 776, 772, 774, 775, 483, 775, 23898
738, 782, 785, 784, 776, 772, 774, 775, 483, 750, 24017
738, 782, 785, 784, 776, 772, 774, 775, 483, 720, 24137
738, 782, 785, 784, 776, 772, 774, 775, 483, 690, 24259
739, 786, 786, 784, 777, 772, 774, 775, 483, 660, 24379
740, 793, 795, 789, 779, 772, 775, 776, 483, 630, 24499
741, 805, 806, 796, 781, 772, 776, 777, 483, 600, 24619
741, 809, 814, 802, 782, 772, 776, 777, 461, 570, 24737
741, 808, 816, 804, 782, 772, 776, 777, 416, 545, 24857
740, 806, 817, 804, 781, 772, 776, 777, 356, 515, 24980
740, 805, 816, 804, 781, 772, 776, 777, 296, 485, 25099
740, 804, 816, 803, 781, 773, 776, 777, 236, 455, 25219
740, 804, 816, 803, 781, 773, 776, 777, 176, 425, 25340
740, 802, 816, 803, 781, 772, 776, 777, 139, 400, 25457
739, 801, 815, 802, 780, 772, 775, 777, 139, 370, 25577
739, 800, 813, 801, 780, 772, 775, 777, 139, 340, 25699
739, 800, 812, 800, 780, 772, 775, 777, 189, 310, 25819
739, 800, 812, 799, 780, 772, 775, 777, 233, 280, 25939
739, 800, 811, 799, 780, 773, 775, 777, 273, 255, 26057
739, 799, 811, 799, 780, 773, 775, 777, 325, 225, 26177
739, 799, 810, 799, 780, 773, 775, 777, 379, 195, 26300
739, 799, 810, 798, 780, 773, 775, 777, 433, 165, 26419
739, 798, 808, 798, 780, 773, 775, 776, 483, 135, 26536
739, 795, 806, 796, 779, 772, 775, 776, 483, 110, 26658
738, 792, 802, 793, 778, 772, 775, 776, 483, 80, 26778
737, 789, 798, 790, 777, 772, 775, 776, 483, 50, 26897
737, 787, 795, 789, 777, 772, 774, 776, 483, 25, 27018
738, 786, 792, 788, 776, 772, 774, 775, 483, -5, 27137
738, 786, 791, 787, 776, 772, 774, 775, 483, -35, 27257
738, 785, 790, 786, 776, 772, 774, 775, 483, -65, 27376
738, 785, 789, 786, 776, 772, 774, 775, 483, -95, 27496
738, 785, 789, 786, 776, 772, 774, 775, 483, -125, 27619
738, 785, 789, 786, 776, 772, 774, 775, 483, -155, 27739
738, 784, 789, 786, 777, 772, 775, 775, 483, -185, 27858
738, 784, 789, 786, 777, 772, 775, 775, 483, 1530, 27978
738, 784, 788, 786, 777, 772, 775, 775, 483, 1500, 28098
738, 784, 788, 785, 777, 772, 775, 775, 483, 1470, 28217
738, 783, 788, 785, 777, 772, 775, 775, 483, 1440, 28341
738, 783, 788, 785, 777, 773, 775, 776, 483, 1410, 28465
738, 783, 788, 785, 777, 773, 775, 776, 483, 1385, 28578
738, 783, 788, 786, 777, 773, 775, 776, 483, 1355, 28698
738, 783, 788, 786, 777, 773, 775, 776, 483, 1325, 28818
738, 783, 788, 786, 777, 773, 775, 776, 483, 1300, 28939
738, 783, 788, 786, 777, 773, 775, 776, 483, 1260, 29098
738, 783, 787, 785, 777, 772, 775, 776, 483, 1225, 29246
738, 783, 787, 785, 777, 772, 775, 775, 483, 1200, 29358
738, 783, 787, 785, 777, 772, 775, 775, 483, 1170, 29477
738, 783, 787, 785, 777, 772, 775, 775, 483, 1140, 29598
738, 783, 787, 785, 777, 772, 775, 775, 483, 1110, 29716
738, 783, 787, 785, 777, 772, 775, 775, 483, 1080, 29838
738, 783, 787, 785, 777, 772, 775, 775, 483, 1055, 29958
738, 783, 787, 785, 777, 772, 774, 775, 483, 1025, 30079
738, 783, 787, 785, 777, 772, 774, 775, 483, 995, 30197
738, 783, 787, 785, 777, 772, 774, 775, 483, 965, 30316
738, 783, 787, 785, 777, 772, 774, 775, 483, 940, 30437
738, 783, 787, 785, 777, 772, 774, 775, 483, 910, 30557
738, 783, 787, 785, 777, 772, 774, 775, 483, 880, 30679
738, 783, 787, 784, 777, 772, 774, 775, 483, 850, 30799
738, 783, 787, 784, 777, 772, 774, 775, 483, 820, 30918
738, 783, 787, 784, 777, 772, 774, 775, 483, 790, 31038
738, 782, 787, 785, 777, 772, 775, 775, 483, 765, 31157
738, 782, 787, 785, 777, 772, 775, 776, 483, 735, 31280
738, 782, 787, 785, 777, 772, 775, 776, 483, 705, 31398
738, 783, 787, 785, 777, 772, 775, 776, 483, 680, 31516
741, 795, 792, 788, 779, 773, 776, 776, 483, 650, 31637
741, 805, 804, 796, 782, 773, 777, 777, 483, 620, 31758
741, 807, 812, 802, 783, 773, 777, 778, 483, 590, 31878
741, 807, 816, 805, 783, 773, 777, 778, 428, 560, 32000
740, 806, 818, 807, 783, 773, 776, 778, 374, 535, 32117
740, 804, 817, 806, 783, 773, 776, 777, 308, 505, 32238
740, 803, 816, 805, 782, 773, 776, 777, 247, 475, 32359
740, 802, 816, 804, 782, 773, 776, 777, 187, 445, 32479
740, 801, 815, 804, 782, 773, 776, 777, 141, 415, 32598
740, 801, 815, 803, 781, 773, 776, 777, 141, 390, 32719
740, 800, 815, 803, 781, 773, 776, 777, 141, 360, 32837
740, 800, 814, 803, 781, 773, 775, 777, 141, 330, 32958
740, 800, 813, 802, 781, 773, 775, 777, 141, 300, 33078
739, 799, 813, 802, 781, 773, 775, 777, 170, 270, 33199
739, 798, 811, 801, 781, 773, 775, 777, 217, 240, 33318
739, 798, 810, 800, 780, 773, 775, 777, 270, 210, 33439
739, 798, 810, 800, 781, 773, 775, 777, 324, 180, 33558
739, 798, 809, 800, 781, 773, 775, 777, 369, 155, 33677
739, 798, 810, 800, 781, 773, 775, 777, 423, 125, 33796
739, 798, 810, 800, 781, 773, 775, 777, 483, 95, 33916
739, 796, 808, 799, 780, 773, 775, 777, 483, 65, 34038
738, 793, 805, 797, 779, 773, 775, 776, 483, 35, 34158
737, 790, 801, 794, 778, 772, 775, 776, 483, 5, 34276
737, 788, 797, 791, 777, 772, 775, 776, 483, -25, 34397
738, 786, 793, 789, 777, 772, 775, 775, 483, -55, 34521
738, 785, 791, 788, 776, 772, 775, 775, 483, -85, 34638
738, 785, 790, 787, 776, 772, 774, 775, 483, -115, 34756
738, 784, 789, 786, 776, 772, 774, 775, 483, -145, 34878
738, 784, 789, 786, 776, 772, 774, 775, 483, -175, 35002
738, 784, 788, 785, 776, 772, 774, 775, 483, -200, 35116
738, 784, 788, 785, 776, 772, 774, 775, 483, 1515, 35240
738, 784, 788, 785, 776, 772, 774, 775, 483, 1490, 35357
738, 784, 788, 785, 776, 772, 774, 775, 483, 1460, 35477
738, 783, 788, 785, 776, 772, 774, 775, 483, 1430, 35597
738, 783, 788, 785, 777, 772, 775, 775, 483, 1400, 35717
738, 783, 787, 785, 777, 772, 775, 775, 483, 1370, 35837
738, 782, 787, 785, 777, 772, 775, 775, 483, 1340, 35959
738, 782, 787, 785, 777, 773, 775, 776, 483, 1310, 36079
738, 782, 787, 785, 777, 773, 775, 776, 483, 1280, 36198
738, 782, 787, 785, 777, 773, 775, 776, 483, 1250, 36318
738, 782, 787, 785, 777, 773, 775, 776, 483, 1225, 36437
738, 782, 787, 785, 777, 773, 775, 776, 483, 1195, 36559
738, 782, 787, 785, 777, 773, 775, 776, 483, 1165, 36679
738, 782, 787, 785, 777, 773, 775, 776, 483, 1135, 36799
738, 782, 787, 785, 778, 773, 775, 776, 483, 1105, 36917
738, 782, 787, 785, 777, 773, 775, 776, 483, 1075, 37038
738, 782, 787, 785, 777, 773, 775, 776, 483, 1045, 37161
738, 782, 786, 785, 777, 773, 775, 776, 483, 1015, 37280
738, 782, 786, 785, 777, 773, 775, 776, 483, 985, 37397
738, 782, 786, 784, 777, 773, 775, 776, 483, 955, 37517
738, 782, 786, 784, 777, 773, 775, 776, 483, 930, 37637
738, 782, 786, 785, 777, 773, 775, 776, 483, 900, 37756
738, 782, 786, 784, 777, 772, 775, 776, 483, 870, 37878
738, 782, 786, 784, 777, 772, 775, 776, 483, 840, 37999
738, 782, 786, 784, 777, 772, 775, 775, 483, 810, 38117
738, 782, 786, 784, 777, 772, 775, 775, 483, 780, 38238
738, 782, 786, 784, 777, 772, 774, 775, 483, 750, 38357
738, 782, 786, 784, 777, 772, 774, 775, 483, 720, 38476
739, 785, 786, 785, 777, 772, 774, 775, 483, 690, 38599
741, 797, 793, 788, 779, 772, 775, 776, 483, 665, 38716
741, 806, 806, 797, 781, 772, 776, 777, 483, 635, 38836
741, 808, 813, 803, 782, 772, 776, 777, 461, 605, 38957
741, 808, 817, 806, 782, 772, 776, 777, 404, 575, 39079
741, 806, 819, 807, 782, 772, 776, 777, 338, 545, 39197
740, 804, 818, 806, 782, 772, 776, 777, 283, 520, 39316
740, 801, 817, 806, 782, 773, 776, 777, 219, 490, 39437
740, 801, 815, 805, 781, 773, 776, 777, 164, 460, 39557
740, 801, 815, 804, 781, 773, 776, 777, 137, 430, 39678
740, 801, 815, 804, 781, 773, 776, 777, 137, 400, 39797
740, 801, 815, 804, 781, 773, 775, 777, 137, 370, 39918
740, 800, 814, 803, 781, 773, 775, 777, 137, 345, 40037
740, 800, 814, 803, 781, 773, 775, 777, 137, 315, 40158
740, 800, 814, 803, 781, 773, 775, 777, 137, 285, 40277
740, 799, 813, 803, 781, 773, 775, 777, 137, 255, 40399
740, 799, 812, 801, 781, 773, 775, 777, 182, 225, 40519
739, 798, 811, 801, 781, 773, 775, 777, 230, 195, 40639
739, 798, 811, 800, 781, 773, 775, 777, 283, 165, 40757
739, 797, 809, 799, 780, 773, 775, 777, 328, 140, 40877
739, 797, 809, 799, 781, 773, 775, 777, 387, 110, 40998
739, 797, 809, 799, 781, 773, 776, 777, 447, 80, 41118
739, 795, 808, 799, 780, 773, 775, 777, 483, 50, 41237
738, 793, 805, 797, 779, 773, 775, 777, 483, 25, 41357
737, 791, 801, 794, 778, 773, 775, 776, 483, -5, 41478
738, 788, 797, 791, 777, 772, 775, 776, 483, -35, 41597
738, 786, 794, 789, 777, 772, 774, 776, 483, -65, 41717
738, 785, 791, 788, 776, 772, 774, 775, 483, -95, 41839
738, 784, 790, 787, 776, 772, 774, 775, 483, -125, 41957
738, 784, 789, 786, 776, 772, 774, 775, 483, -150, 42077
738, 784, 789, 786, 776, 772, 774, 775, 483, -180, 42196
738, 784, 788, 786, 776, 772, 774, 775, 483, -210, 42316
738, 783, 788, 785, 776, 772, 774, 775, 483, 1505, 42439
738, 783, 788, 785, 776, 772, 774, 775, 483, 1475, 42558
738, 783, 788, 785, 776, 772, 774, 775, 483, 1445, 42677
738, 783, 788, 785, 776, 772, 774, 775, 483, 1415, 42799
738, 782, 787, 785, 776, 772, 774, 775, 483, 1385, 42917
738, 782, 787, 785, 776, 772, 774, 775, 483, 1355, 43038
738, 782, 787, 785, 776, 772, 774, 775, 483, 1325, 43160
738, 781, 787, 785, 777, 772, 775, 775, 483, 1295, 43280
738, 781, 787, 785, 777, 772, 775, 775, 483, 1265, 43398
738, 781, 787, 785, 777, 772, 775, 775, 483, 1240, 43516
738, 781, 787, 785, 777, 773, 775, 775, 483, 1210, 43636
738, 781, 787, 785, 777, 773, 775, 775, 483, 1180, 43759
738, 781, 787, 785, 777, 773, 775, 775, 483, 1150, 43880
738, 781, 787, 785, 777, 773, 775, 775, 483, 1120, 43996
738, 781, 786, 785, 777, 773, 775, 775, 483, 1090, 44118
738, 781, 786, 785, 777, 773, 775, 775, 483, 1065, 44237
738, 781, 786, 785, 777, 773, 775, 775, 483, 1035, 44357
738, 781, 786, 785, 777, 772, 775, 775, 483, 1005, 44479
738, 781, 786, 785, 777, 772, 775, 775, 483, 975, 44597
738, 781, 786, 785, 777, 772, 775, 775, 483, 945, 44718
738, 781, 786, 784, 777, 772, 774, 775, 483, 915, 44837
738, 781, 786, 784, 777, 772, 774, 775, 483, 885, 44957
738, 781, 786, 784, 776, 772, 774, 775, 483, 855, 45077
738, 781, 786, 784, 777, 772, 774, 775, 483, 825, 45200
738, 782, 786, 784, 777, 772, 774, 775, 483, 800, 45316
738, 782, 786, 784, 776, 772, 774, 775, 483, 770, 45437
738, 782, 786, 784, 776, 772, 774, 775, 483, 740, 45558
738, 783, 786, 784, 776, 772, 774, 775, 483, 710, 45675
741, 794, 790, 786, 778, 772, 774, 775, 483, 680, 45797
741, 801, 803, 795, 781, 772, 775, 776, 483, 655, 45918
741, 807, 812, 801, 782, 772, 776, 777, 483, 625, 46037
741, 807, 815, 805, 782, 772, 776, 777, 434, 595, 46157
741, 806, 817, 806, 782, 772, 776, 777, 376, 565, 46277
741, 805, 817, 806, 782, 772, 775, 777, 316, 535, 46398
740, 803, 816, 805, 781, 772, 775, 777, 256, 505, 46519
740, 802, 815, 804, 781, 772, 775, 776, 201, 475, 46638
740, 801, 814, 803, 780, 772, 775, 776, 149, 445, 46757
740, 801, 813, 802, 780, 772, 775, 776, 141, 415, 46877
740, 800, 813, 802, 780, 772, 775, 776, 141, 385, 46998
740, 800, 813, 802, 780, 772, 775, 776, 191, 355, 47119
740, 800, 812, 801, 780, 772, 775, 776, 235, 325, 47239
740, 799, 811, 800, 780, 772, 775, 776, 285, 295, 47358
739, 798, 809, 799, 779, 772, 775, 776, 339, 265, 47477
739, 798, 808, 798, 779, 772, 775, 776, 398, 235, 47597
739, 797, 808, 797, 779, 772, 775, 776, 483, 210, 47717
739, 798, 807, 797, 779, 772, 775, 776, 483, 180, 47837
739, 797, 807, 798, 780, 772, 775, 776, 483, 150, 47959
739, 797, 807, 797, 779, 772, 775, 776, 483, 120, 48079
739, 797, 806, 797, 779, 772, 775, 776, 483, 90, 48199
739, 797, 806, 797, 779, 772, 775, 776, 483, 60, 48319
739, 796, 805, 796, 779, 772, 775, 776, 483, 35, 48438
739, 795, 805, 796, 779, 772, 775, 777, 483, 5, 48557
739, 795, 804, 796, 779, 772, 775, 777, 483, -25, 48678
739, 794, 803, 795, 779, 772, 775, 777, 483, -55, 48797
738, 790, 800, 793, 778, 772, 775, 776, 483, -85, 48917
737, 786, 795, 790, 777, 772, 774, 776, 483, -115, 49040
738, 784, 791, 787, 776, 772, 774, 776, 483, -145, 49160
738, 783, 789, 786, 776, 772, 774, 775, 483, -175, 49279
738, 783, 788, 786, 776, 772, 774, 775, 483, -205, 49398
738, 783, 787, 785, 776, 772, 774, 775, 483, 1520, 49516
738, 782, 787, 785, 776, 772, 774, 775, 483, 1490, 49636
738, 782, 787, 784, 776, 772, 774, 775, 483, 1455, 49759
738, 782, 786, 784, 776, 772, 774, 775, 483, 1425, 49885
738, 782, 786, 784, 776, 772, 774, 775, 483, 1395, 49997
738, 781, 786, 784, 776, 772, 774, 775, 483, 1370, 50116
738, 781, 786, 784, 777, 772, 775, 775, 483, 1340, 50237
738, 781, 786, 784, 777, 772, 775, 775, 483, 1310, 50359
738, 781, 786, 784, 777, 772, 775, 775, 483, 1280, 50478
738, 781, 786, 784, 777, 772, 775, 775, 483, 1250, 50596
738, 781, 786, 784, 777, 773, 775, 775, 483, 1220, 50717
738, 781, 786, 784, 777, 773, 775, 776, 483, 1190, 50837
738, 781, 786, 785, 777, 773, 775, 776, 483, 1160, 50957
738, 781, 786, 785, 777, 773, 775, 776, 483, 1130, 51081
738, 781, 786, 784, 777, 773, 775, 776, 483, 1100, 51197
738, 781, 786, 784, 777, 773, 775, 775, 483, 1075, 51318
738, 781, 785, 784, 777, 773, 775, 775, 483, 1045, 51437
738, 781, 785, 784, 777, 772, 775, 775, 483, 1015, 51556
738, 781, 785, 784, 777, 772, 775, 775, 483, 985, 51680
738, 781, 785, 784, 777, 772, 775, 775, 483, 955, 51800
738, 781, 785, 784, 777, 772, 775, 775, 483, 930, 51916
738, 781, 785, 784, 777, 772, 774, 775, 483, 900, 52036
738, 781, 785, 784, 777, 772, 774, 775, 483, 870, 52156
738, 781, 785, 783, 776, 772, 774, 775, 483, 840, 52277
738, 781, 785, 783, 776, 772, 774, 775, 483, 810, 52401
738, 781, 785, 783, 776, 772, 774, 775, 483, 780, 52520
738, 781, 785, 783, 776, 772, 774, 775, 483, 750, 52636
738, 782, 785, 783, 776, 772, 774, 775, 483, 725, 52757
740, 789, 787, 784, 777, 772, 774, 775, 483, 695, 52877
741, 796, 798, 790, 780, 772, 775, 776, 483, 665, 52999
741, 804, 807, 797, 781, 772, 776, 776, 483, 635, 53120
741, 805, 811, 800, 781, 772, 776, 777, 483, 610, 53237
741, 805, 814, 802, 782, 772, 776, 777, 457, 580, 53358
740, 802, 814, 803, 781, 772, 776, 777, 403, 550, 53477
740, 802, 814, 802, 781, 773, 776, 777, 349, 520, 53597
740, 802, 815, 803, 781, 773, 776, 777, 295, 490, 53717
740, 801, 815, 803, 781, 773, 776, 777, 241, 460, 53839
740, 800, 814, 803, 781, 773, 776, 777, 187, 430, 53957
740, 800, 813, 802, 781, 773, 776, 777, 146, 405, 54077
740, 799, 813, 802, 781, 773, 776, 777, 138, 375, 54196
740, 799, 812, 801, 780, 773, 776, 777, 188, 345, 54318
740, 799, 812, 801, 780, 773, 776, 777, 230, 315, 54440
740, 798, 812, 801, 780, 773, 776, 777, 266, 290, 54555
740, 799, 811, 800, 780, 773, 776, 777, 324, 255, 54678
740, 798, 811, 800, 780, 773, 776, 777, 369, 230, 54795
740, 798, 810, 799, 780, 773, 776, 777, 423, 200, 54917
740, 798, 809, 799, 780, 773, 776, 777, 483, 170, 55039
740, 797, 809, 798, 780, 773, 776, 777, 483, 140, 55157
739, 797, 808, 798, 780, 773, 776, 777, 483, 110, 55278
739, 796, 807, 798, 780, 773, 776, 777, 483, 85, 55396
739, 796, 806, 797, 780, 773, 776, 777, 483, 55, 55516
739, 795, 806, 797, 780, 773, 776, 777, 483, 25, 55638
738, 791, 803, 795, 779, 773, 775, 777, 483, -5, 55760
737, 788, 799, 792, 777, 772, 775, 776, 483, -30, 55875
738, 786, 794, 789, 777, 772, 775, 776, 483, -60, 55996
738, 785, 792, 788, 776, 772, 775, 776, 483, -90, 56117
738, 784, 790, 787, 776, 772, 774, 776, 483, -120, 56238
738, 784, 789, 786, 776, 772, 774, 775, 483, -150, 56357
738, 783, 788, 785, 776, 772, 774, 775, 483, -185, 56476
738, 783, 788, 785, 776, 772, 774, 775, 483, 1535, 56596
738, 783, 788, 785, 776, 772, 774, 775, 483, 1505, 56715
738, 783, 787, 785, 776, 772, 774, 775, 483, 1470, 56838
738, 783, 787, 785, 776, 772, 774, 775, 483, 1440, 56959
738, 783, 787, 785, 776, 772, 774, 775, 483, 1410, 57081
738, 783, 787, 784, 776, 772, 774, 775, 483, 1385, 57196
738, 783, 786, 784, 776, 772, 774, 775, 483, 1355, 57317
738, 782, 786, 784, 776, 772, 774, 775, 483, 1315, 57470
738, 782, 786, 784, 777, 772, 774, 775, 483, 1280, 57617
738, 782, 786, 784, 777, 772, 774, 775, 483, 1250, 57736
738, 782, 786, 784, 777, 772, 774, 775, 483, 1220, 57855
738, 782, 786, 784, 777, 772, 775, 775, 483, 1190, 57980
738, 782, 786, 784, 777, 772, 775, 775, 483, 1165, 58100
738, 781, 786, 784, 777, 772, 775, 775, 483, 1135, 58217
738, 781, 786, 784, 777, 773, 775, 775, 483, 1105, 58337
738, 781, 786, 784, 777, 773, 775, 775, 483, 1075, 58457
738, 781, 786, 784, 777, 773, 775, 776, 483, 1045, 58581
738, 781, 785, 784, 777, 773, 775, 776, 483, 1015, 58700
738, 781, 785, 784, 777, 773, 775, 775, 483, 990, 58816
738, 781, 785, 784, 777, 772, 775, 775, 483, 960, 58937
738, 781, 785, 784, 777, 773, 775, 775, 483, 930, 59056
738, 781, 785, 784, 777, 772, 775, 775, 483, 900, 59177
738, 782, 785, 784, 777, 772, 775, 775, 483, 870, 59298
738, 781, 785, 783, 777, 772, 775, 775, 483, 840, 59417
738, 782, 785, 783, 777, 772, 774, 775, 483, 810, 59537
738, 781, 785, 783, 777, 772, 774, 775, 483, 780, 59657
738, 781, 785, 783, 777, 772, 774, 775, 483, 750, 59778
738, 782, 785, 783, 777, 772, 774, 775, 483, 725, 59897
738, 782, 785, 783, 777, 772, 774, 775, 483, 695, 60019
738, 782, 785, 783, 777, 772, 774, 775, 483, 665, 60138
739, 785, 788, 785, 777, 772, 774, 775, 483, 635, 60258
741, 802, 799, 793, 781, 772, 776, 776, 483, 605, 60376
742, 806, 809, 800, 782, 772, 776, 777, 483, 575, 60497
741, 807, 815, 805, 783, 772, 776, 777, 457, 545, 60617
741, 806, 817, 806, 783, 772, 776, 777, 411, 520, 60739
741, 805, 817, 807, 782, 773, 776, 777, 347, 490, 60859
740, 804, 817, 806, 782, 773, 776, 777, 281, 460, 60975
740, 803, 817, 806, 782, 772, 776, 777, 220, 430, 61097
740, 802, 817, 805, 782, 772, 776, 777, 160, 400, 61220
740, 802, 816, 805, 781, 772, 776, 777, 140, 375, 61336
740, 801, 815, 804, 781, 772, 776, 777, 140, 345, 61458
740, 800, 814, 803, 781, 772, 776, 777, 140, 315, 61576
740, 800, 814, 803, 781, 772, 776, 777, 140, 285, 61697
740, 800, 813, 802, 781, 772, 775, 777, 140, 255, 61817
740, 799, 813, 802, 781, 772, 775, 777, 190, 225, 61936
740, 799, 812, 801, 781, 772, 775, 777, 234, 195, 62057
740, 799, 811, 801, 781, 772, 775, 777, 274, 170, 62178
740, 798, 811, 800, 780, 772, 775, 777, 324, 140, 62297
740, 798, 810, 800, 780, 772, 775, 777, 378, 110, 62420
740, 799, 810, 800, 781, 772, 775, 777, 432, 80, 62537
740, 799, 811, 800, 781, 772, 776, 777, 483, 50, 62658
740, 798, 811, 800, 780, 772, 776, 777, 483, 20, 62777
740, 797, 809, 799, 780, 772, 775, 777, 483, -10, 62897
739, 796, 809, 798, 780, 772, 775, 776, 483, -40, 63018
738, 792, 805, 797, 779, 772, 775, 776, 483, -70, 63135
738, 789, 800, 793, 778, 772, 775, 776, 483, -95, 63255
738, 787, 795, 790, 777, 772, 774, 776, 483, -125, 63378
738, 785, 793, 788, 776, 772, 774, 775, 483, -155, 63496
738, 784, 791, 787, 776, 772, 774, 775, 483, -185, 63618
738, 784, 789, 786, 776, 772, 774, 775, 483, 1535, 63736
738, 783, 788, 786, 776, 772, 774, 775, 483, 1505, 63855
738, 783, 788, 785, 776, 772, 774, 775, 483, 1475, 63976
738, 783, 788, 785, 776, 772, 774, 775, 483, 1445, 64096
738, 783, 787, 785, 776, 772, 774, 775, 483, 1415, 64217
738, 782, 787, 784, 776, 772, 774, 775, 483, 1385, 64337
738, 782, 786, 784, 776, 772, 774, 775, 483, 1355, 64457
738, 782, 786, 784, 776, 772, 774, 775, 483, 1325, 64579
738, 782, 786, 784, 777, 772, 774, 775, 483, 1295, 64699
738, 781, 786, 784, 777, 772, 775, 775, 483, 1265, 64817
738, 781, 786, 784, 777, 772, 775, 775, 483, 1235, 64937
738, 781, 786, 784, 777, 772, 775, 775, 483, 1210, 65056
738, 781, 786, 784, 777, 772, 775, 775, 483, 1180, 65177
738, 781, 786, 784, 777, 773, 775, 775, 483, 1150, 65297
738, 781, 786, 784, 777, 773, 775, 775, 483, 1120, 65417
738, 781, 786, 784, 777, 773, 775, 775, 483, 1090, 65537
738, 781, 786, 784, 777, 773, 775, 775, 483, 1060, 65658
738, 781, 786, 784, 777, 773, 775, 775, 483, 1035, 65775
738, 781, 786, 784, 777, 773, 775, 775, 483, 1005, 65897
738, 781, 786, 784, 777, 773, 775, 775, 483, 975, 66017
738, 781, 785, 784, 777, 772, 775, 775, 483, 945, 66136
738, 781, 785, 784, 777, 772, 775, 775, 483, 915, 66257
738, 782, 785, 784, 777, 772, 775, 775, 483, 885, 66376
738, 782, 785, 784, 777, 772, 775, 775, 483, 855, 66497
738, 782, 785, 783, 777, 772, 774, 775, 483, 825, 66619
738, 782, 785, 783, 777, 772, 774, 775, 483, 795, 66738
738, 782, 785, 783, 777, 772, 774, 775, 483, 765, 66857
738, 782, 785, 783, 776, 772, 774, 775, 483, 740, 66977
738, 782, 785, 783, 777, 772, 774, 775, 483, 710, 67097
738, 782, 785, 783, 777, 772, 774, 775, 483, 680, 67216
738, 782, 785, 783, 777, 772, 774, 775, 483, 650, 67337
738, 782, 786, 783, 777, 772, 774, 775, 483, 620, 67458
741, 792, 789, 785, 778, 772, 775, 776, 483, 595, 67577
742, 803, 801, 793, 781, 772, 776, 777, 483, 565, 67697
741, 806, 811, 800, 782, 772, 776, 777, 483, 535, 67817
741, 805, 814, 803, 782, 772, 776, 777, 435, 505, 67939
741, 804, 816, 805, 782, 772, 776, 777, 381, 475, 68058
741, 803, 816, 805, 782, 773, 776, 777, 322, 445, 68178
740, 803, 816, 805, 782, 773, 776, 777, 273, 420, 68297
740, 802, 816, 805, 782, 773, 776, 777, 216, 390, 68417
740, 802, 816, 804, 782, 773, 776, 777, 162, 360, 68539
740, 801, 816, 804, 782, 773, 776, 777, 135, 330, 68657
740, 800, 816, 804, 782, 773, 776, 777, 135, 300, 68777
740, 799, 815, 804, 781, 773, 776, 777, 135, 270, 68895
740, 798, 813, 802, 781, 773, 776, 777, 135, 245, 69016
740, 798, 812, 801, 781, 773, 776, 777, 187, 215, 69137
740, 798, 811, 800, 781, 773, 776, 777, 237, 185, 69258
740, 797, 810, 800, 781, 773, 775, 777, 291, 155, 69376
740, 797, 810, 800, 781, 773, 775, 777, 372, 110, 69559
740, 797, 809, 800, 781, 773, 775, 777, 428, 80, 69677
740, 797, 809, 800, 781, 773, 775, 777, 483, 50, 69797
740, 797, 809, 799, 781, 773, 775, 777, 483, 20, 69918
740, 796, 808, 799, 781, 773, 775, 777, 483, -5, 70036
739, 795, 807, 798, 780, 773, 775, 777, 483, -35, 70159
739, 792, 804, 796, 780, 773, 775, 776, 483, -65, 70276
738, 788, 800, 793, 778, 772, 775, 776, 483, -95, 70397
738, 786, 796, 790, 777, 772, 775, 776, 483, -125, 70518
738, 785, 793, 788, 777, 772, 774, 776, 483, -155, 70635
738, 784, 791, 787, 776, 772, 774, 775, 483, -185, 70758
